,EEM US Equity,EMB US Equity,IEF US Equity,LQD US Equity,MCHI US Equity,SHY US Equity,SPY US Equity,TLT US Equity,VEA US Equity
2014-01-10,40.27,108.79,100.62,115.13,46.3,84.42,184.14,104.41,41.46
2014-01-13,39.79,108.88,100.91,115.35,45.5,84.44,181.685,104.93,41.11
2014-01-14,40.22,108.98,100.53,115.01,46.13,84.42,183.67,104.45,41.4201
2014-01-15,40.21,109.0,100.44,115.04,46.04,84.39,184.66,104.34,41.62
2014-01-16,39.99,109.1,100.72,115.31,45.76,84.41,184.42,105.04,41.55
2014-01-17,39.79,109.16,100.96,115.44,45.76,84.41,183.635,105.48,41.45
2014-01-21,39.73,108.93,100.85,115.28,45.71,84.4,184.18,105.56,41.62
2014-01-22,40.26,108.6,100.57,115.0,46.6,84.36,184.3,105.3,41.66
2014-01-23,39.27,108.14,101.25,115.44,44.98,84.44,182.79,106.79,41.35
2014-01-24,38.24,107.55,101.66,115.36,43.68,84.47,178.89,107.48,40.21
2014-01-27,38.09,107.43,101.35,115.14,43.535,84.46,178.01,106.73,40.02
2014-01-28,38.33,108.0299,101.5,115.7,43.98,84.46,179.07,106.99,40.42
2014-01-29,37.78,107.75,101.98,115.93,43.83,84.52,177.35,107.87,39.94
2014-01-30,38.13,107.54,101.88,115.99,43.93,84.51,179.23,107.56,40.15
2014-01-31,38.19,107.28,102.28,116.34,43.91,84.55,178.18,108.28,39.51
2014-02-03,37.11,106.69,102.66,116.74,42.77,84.55,174.17,109.32,38.75
2014-02-04,37.86,107.4,102.35,116.18,43.34,84.56,175.385,108.16,39.15
2014-02-05,37.72,107.72,101.98,115.81,42.85,84.52,175.17,107.16,39.19
2014-02-06,38.51,107.93,101.79,115.7,43.49,84.53,177.48,106.7,39.96
2014-02-07,38.73,108.6,102.06,116.06,43.77,84.55,179.68,106.79,40.4
2014-02-10,38.3,108.42,102.11,116.11,43.48,84.53,180.01,107.09,40.22
2014-02-11,39.13,108.49,101.66,115.87,44.8,84.51,181.98,106.47,40.88
2014-02-12,39.14,108.48,101.42,115.52,44.75,84.47,182.07,105.92,40.98
2014-02-13,39.18,108.47,101.9,116.0,45.06,84.52,183.01,106.52,41.05
2014-02-14,39.66,108.53,101.83,116.22,45.42,84.52,184.02,106.58,41.23
2014-02-18,39.29,108.54,102.08,116.46,45.35,84.55,184.24,106.82,41.57
2014-02-19,39.02,108.39,101.88,116.33,45.48,84.52,183.02,106.37,41.25
2014-02-20,39.16,108.24,101.77,116.18,45.27,84.53,184.1,106.11,41.4
2014-02-21,39.43,108.72,101.9,116.3,45.36,84.54,183.89,106.67,41.5
2014-02-24,39.43,109.36,101.8,116.36,44.87,84.54,184.91,106.4,41.85
2014-02-25,38.98,109.46,102.15,116.81,44.1,84.53,184.84,107.35,41.77
2014-02-26,39.01,109.45,102.45,117.19,44.3,84.57,184.85,107.92,41.64
2014-02-27,39.75,109.96,102.57,117.39,45.45,84.56,185.82,108.51,41.81
2014-02-28,39.48,110.54,102.47,117.32,45.27,84.56,186.29,108.57,41.86
2014-03-03,38.78,109.12,102.81,117.28,44.81,84.59,184.98,109.03,41.01
2014-03-04,39.44,109.84,102.02,116.65,45.32,84.52,187.58,107.39,41.82
2014-03-05,39.47,109.96,102.13,116.59,44.88,84.55,187.75,107.62,41.73
2014-03-06,40.03,109.74,101.69,116.24,45.37,84.5,188.18,106.56,42.2
2014-03-07,39.52,109.55,101.25,115.82,44.8,84.44,188.26,105.89,41.98
2014-03-10,39.25,109.33,101.36,115.64,44.17,84.45,188.16,106.04,41.7
2014-03-11,38.81,109.12,101.46,115.68,43.6,84.45,187.23,106.32,41.41
2014-03-12,38.89,109.14,101.86,116.09,43.45,84.48,187.28,107.06,41.23
2014-03-13,38.19,108.93,102.46,116.5,42.48,84.53,185.18,108.5,40.5
2014-03-14,38.4,109.16,102.47,116.37,42.42,84.51,184.66,108.52,40.4
2014-03-17,38.87,109.28,102.06,116.22,42.52,84.48,186.33,107.71,40.89
2014-03-18,39.41,109.6,102.31,116.58,43.2,84.5,187.66,108.1,41.15
2014-03-19,38.57,109.5,101.36,115.74,42.6,84.36,186.66,107.26,40.64
2014-03-20,38.74,109.43,101.38,115.9,42.41,84.37,187.747,107.07,40.48
2014-03-21,38.98,109.28,101.57,116.3,43.37,84.38,186.2,108.23,40.41
2014-03-24,39.36,109.68,101.61,116.52,43.7,84.34,185.43,109.0,40.48
2014-03-25,39.81,109.97,101.55,116.56,44.01,84.35,186.31,108.59,40.51
2014-03-26,39.9,110.29,101.98,117.01,43.9,84.41,184.97,109.44,40.52
2014-03-27,40.42,111.05,102.08,117.04,44.12,84.4,184.58,109.99,40.75
2014-03-28,40.74,110.99,101.72,116.95,44.93,84.4,185.49,109.37,41.04
2014-03-31,41.01,111.42,101.73,116.94,44.99,84.45,187.01,109.1,41.27
2014-04-01,41.49,111.63,101.33,116.31,45.35,84.38,188.25,107.89,41.57
2014-04-02,41.57,111.04,100.89,116.15,45.47,84.35,188.88,107.27,41.64
2014-04-03,41.41,110.93,100.96,116.37,45.37,84.37,188.63,107.74,41.5
2014-04-04,41.3,111.6,101.58,116.83,44.99,84.44,186.4,108.46,41.39
2014-04-07,41.475,111.33,101.82,117.11,45.13,84.445,184.34,109.11,41.2
2014-04-08,41.96,111.85,101.96,117.42,45.68,84.46,185.1,109.37,41.17
2014-04-09,42.28,111.93,101.93,117.52,46.3,84.5,187.09,108.83,41.74
2014-04-10,41.83,112.46,102.36,117.68,46.4,84.55,183.155,109.84,40.99
2014-04-11,41.83,112.28,102.57,117.76,45.89,84.54,181.51,110.73,40.76
2014-04-14,41.74100000000001,112.06,102.41,117.84,45.88,84.53,182.9401,110.44,40.99
2014-04-15,41.11,111.67,102.53,118.09,44.74,84.53,184.2,111.13,40.79
2014-04-16,41.63,111.99,102.37,118.14,45.29,84.5,186.125,111.27,41.33
2014-04-17,42.01,112.11,101.79,117.46,45.43,84.48,186.39,110.05,41.48
2014-04-21,41.75,112.31,101.77,117.62,45.14,84.48,187.04,109.96,41.55
2014-04-22,41.64,112.2,101.73,117.68,44.89,84.44,187.89,110.33,41.72
2014-04-23,41.34,112.06,101.99,117.94,44.46,84.48,187.45,110.96,41.61
2014-04-24,41.38,111.95,101.96,117.96,44.45,84.46,187.83,111.17,41.6
2014-04-25,40.82,111.55,102.1,117.94,44.06,84.47,186.29,111.33,41.4
2014-04-28,41.02,111.59,101.95,117.8,43.6,84.47,186.875,110.79,41.52
2014-04-29,41.41,112.03,102.04,117.82,44.16,84.46,187.75,110.64,41.79
2014-04-30,41.33,112.17,102.31,118.15,43.84,84.52,188.31,111.1,41.92
2014-05-01,41.38,111.73,102.41,118.3,43.91,84.5,188.325,112.02,42.06
2014-05-02,41.61,111.99,102.56,118.55,44.12,84.49,188.06,112.71,42.0
2014-05-05,41.38,112.03,102.5,118.25,43.72,84.5,188.42,112.03,41.95
2014-05-06,41.57,112.39,102.62,118.45,43.73,84.47,186.78,112.48,41.89
2014-05-07,41.79,113.29,102.7,118.47,43.59,84.5,187.88,112.08,41.93
2014-05-08,41.69,113.77,102.81,118.5,43.35,84.52,187.675,111.6,41.92
2014-05-09,41.62,113.55,102.732,118.37,43.29,84.55,187.96,111.24,41.86
2014-05-12,42.32,113.45,102.46,118.07,44.26,84.53,189.785,110.79,42.18
2014-05-13,42.48,113.49,102.86,118.51,44.45,84.56,189.96,111.75,42.24
2014-05-14,42.78,114.07,103.33,119.1,44.88,84.59,189.06,112.96,42.18
2014-05-15,42.38,113.98,103.7,119.31,44.74,84.6,187.4,113.86,41.99
2014-05-16,42.94,113.87,103.48,119.17,45.08,84.61,188.05,113.54,42.06
2014-05-19,42.94,114.09,103.35,119.06,44.94,84.63,188.74,112.7,41.99
2014-05-20,42.59,114.13,103.65,119.06,44.75,84.64,187.55,112.95,41.71
2014-05-21,42.92,114.05,103.49,118.84,45.26,84.64,189.13,112.26,42.05
2014-05-22,43.22,114.25,103.38,118.8,45.76,84.62,189.59,112.1,42.15
2014-05-23,43.14,114.3,103.59,118.93,45.81,84.6,190.35,112.7,42.25
2014-05-27,42.77,114.45,103.62,119.35,45.59,84.62,191.52,113.36,42.51
2014-05-28,43.02,115.04,104.19,119.92,45.9,84.64,191.38,114.76,42.38
2014-05-29,43.14,115.53,104.06,119.57,45.86,84.63,192.37,114.15,42.66
2014-05-30,42.55,115.63,103.98,119.59,45.86,84.65,192.68,114.1,42.66
2014-06-02,42.68,115.24,103.33,118.59,46.22,84.57,192.895,112.96,42.73
2014-06-03,42.92,114.4,102.81,118.05,46.66,84.55,192.8,111.57,42.64
2014-06-04,42.68,114.33,102.73,117.99,46.24,84.58,193.19,111.54,42.66
2014-06-05,43.13,114.62,102.88,118.24,46.6,84.59,194.45,111.59,42.95
2014-06-06,43.56,115.56,102.8,118.49,46.39,84.57,195.375,111.59,43.17
2014-06-09,43.72,115.51,102.65,118.25,46.81,84.51,195.58,111.43,43.12
2014-06-10,43.95,115.08,102.47,118.03,47.14,84.49,195.6,111.02,43.04
2014-06-11,43.8,114.69,102.61,118.12,46.81,84.52,194.92,111.22,42.84
2014-06-12,43.59,114.56,103.01,118.5,46.79,84.55,193.54,112.21,42.85
2014-06-13,43.61,114.8,102.81,118.48,47.37,84.5,194.13,112.15,42.84
2014-06-16,43.41,114.14,102.81,118.47,47.24,84.48,194.29,112.43,42.87
2014-06-17,43.42,113.77,102.38,118.07,47.24,84.41,194.83,111.54,42.82
2014-06-18,43.9,114.61,102.92,118.75,47.47,84.48,196.255,112.4,43.19
2014-06-19,43.65,114.41,102.66,118.33,47.05,84.47,196.48,110.96,43.4
2014-06-20,43.56,114.61,102.78,118.56,46.98,84.47,195.94,111.8,43.31
2014-06-23,43.47,114.87,102.71,118.55,46.41,84.47,195.88,111.45,43.2
2014-06-24,43.45,115.31,103.13,119.05,46.24,84.5,194.7,112.58,42.44
2014-06-25,43.2,115.58,103.23,119.17,45.86,84.51,195.58,112.87,42.48
2014-06-26,43.25,115.55,103.5,119.39,46.33,84.53,195.44,113.41,42.46
2014-06-27,43.35,115.558,103.5,119.37,46.45,84.55,195.82,113.24,42.54
2014-06-30,43.23,115.27,103.58,119.26,46.37,84.56,195.72,113.52,42.59
2014-07-01,43.64,114.75,103.05,118.47,46.7,84.5,197.03,112.28,42.97
2014-07-02,43.9,114.57,102.63,118.05,47.34,84.47,197.23,111.08,43.02
2014-07-03,44.16,114.49,102.42,117.93,47.81,84.46,198.2,110.68,43.09
2014-07-07,44.13,114.67,102.67,118.14,47.94,84.44,197.51,111.49,42.76
2014-07-08,43.933,115.41,103.14,118.58,47.67,84.46,196.24,112.74,42.33
2014-07-09,44.18,115.78,103.16,118.77,47.5,84.47,197.12,112.83,42.49
2014-07-10,43.94,115.44,103.38,118.68,47.21,84.51,196.34,112.86,41.99
2014-07-11,43.89,115.55,103.55,119.05,47.42,84.53,196.61,113.58,42.04
2014-07-14,44.23,115.32,103.32,118.8,47.96,84.52,197.6,113.09,42.34
2014-07-15,44.2,115.19,103.23,118.67,47.97,84.48,197.23,112.86,42.21
2014-07-16,44.31,115.1,103.38,118.95,48.27,84.47,197.96,113.46,42.52
2014-07-17,43.48,114.85,103.98,119.4,47.57,84.54,195.71,114.89,41.96
2014-07-18,44.16,115.26,103.77,119.24,47.89,84.47,197.7099,114.52,42.31
2014-07-21,44.31,115.52,103.8,119.24,47.91,84.48,197.34,115.09,42.14
2014-07-22,44.72,115.7,103.93,119.33,48.81,84.48,198.2,115.33,42.36
2014-07-23,44.76,116.31,103.92,119.47,49.31,84.51,198.64,115.18,42.45
2014-07-24,44.96,116.14,103.5,119.0,49.78,84.48,198.65,114.32,42.52
2014-07-25,44.78,115.98,103.9,119.46,49.77,84.49,197.72,115.67,42.37
2014-07-28,45.09,115.57,103.78,119.32,50.57,84.45,197.8,115.51,42.39
2014-07-29,44.82,115.44,103.92,119.43,50.43,84.47,196.95,115.93,42.35
2014-07-30,44.6,115.39,103.19,118.88,50.06,84.43,196.98,114.32,42.31
2014-07-31,43.82,114.58,103.16,118.55,49.49,84.47,193.09,113.98,41.58
2014-08-01,44.06,113.33,103.57,118.82,49.94,84.55,192.5,114.56,41.35
2014-08-04,44.47,113.65,103.63,118.85,50.48,84.55,193.89,114.26,41.49
2014-08-05,43.79,113.51,103.68,118.97,49.96,84.55,192.01,114.63,40.98
2014-08-06,43.485,113.37,103.77,118.76,49.75,84.57,192.07,114.7,40.89
2014-08-07,43.32,113.17,104.24,119.07,49.42,84.61,191.03,115.77,40.55
2014-08-08,43.71,113.57,104.15,119.04,50.25,84.56,193.24,115.52,40.81
2014-08-11,44.27,113.8,104.1,119.09,50.8,84.56,193.795,115.51,40.91
2014-08-12,44.32,113.95,103.95,119.03,50.89,84.56,193.53,114.76,40.91
2014-08-13,44.56,114.25,104.29,119.27,51.4,84.6,194.84,115.51,41.19
2014-08-14,44.63,114.87,104.5,119.4,50.92,84.62,195.76,116.44,41.38
2014-08-15,44.51,115.04,104.92,119.82,50.9,84.62,195.72,117.71,41.36
2014-08-18,44.94,115.05,104.59,119.55,51.21,84.62,197.36,116.54,41.59
2014-08-19,45.15,115.38,104.48,119.47,51.3,84.62,198.39,116.18,41.69
2014-08-20,45.06,114.83,104.17,119.2,51.18,84.54,198.92,115.99,41.55
2014-08-21,44.87,115.0,104.39,119.61,50.63,84.54,199.5,116.64,41.71
2014-08-22,44.75,114.99,104.4,119.76,50.66,84.52,199.19,117.29,41.53
2014-08-25,45.08,114.95,104.48,119.95,51.05,84.49,200.2,117.73,41.81
2014-08-26,45.35,115.27,104.46,120.03,51.06,84.52,200.33,117.35,41.8
2014-08-27,45.58,116.0,104.75,120.23,50.79,84.54,200.25,118.35,41.92
2014-08-28,45.13,115.71,104.89,120.49,50.08,84.56,200.14,118.97,41.72
2014-08-29,45.06,115.63,104.9,120.58,50.13,84.6,200.71,119.05,41.69
2014-09-02,44.99,114.82,104.05,119.67,50.44,84.5,200.61,116.73,41.73
2014-09-03,45.58,115.03,104.2,119.83,51.93,84.52,200.5,117.38,42.0
2014-09-04,45.46,115.01,103.83,118.98,51.97,84.51,200.2101,115.95,41.82
2014-09-05,45.85,115.42,103.86,119.0,52.42,84.54,201.11,115.73,41.81
2014-09-08,45.31,114.68,103.75,118.8,52.13,84.49,200.59,115.78,41.39
2014-09-09,44.75,114.33,103.51,118.48,51.72,84.44,199.32,115.69,41.23
2014-09-10,44.56,114.3,103.25,118.29,51.06,84.45,200.07,114.96,41.47
2014-09-11,44.26,114.31,103.12,118.2,50.82,84.46,200.3,114.58,41.24
2014-09-12,43.79,113.68,102.73,117.63,50.49,84.44,199.13,113.38,41.16
2014-09-15,43.57,113.44,102.92,117.66,49.83,84.48,198.981,113.55,41.1
2014-09-16,44.14,113.58,102.89,117.64,50.2,84.53,200.48,113.09,41.27
2014-09-17,43.73,113.28,102.63,117.32,49.87,84.44,200.75,112.8,40.97
2014-09-18,43.79,113.32,102.56,117.53,49.85,84.45,201.82,113.16,41.25
2014-09-19,43.46,113.49,102.95,117.99,49.35,84.44,200.7,114.6,41.1
2014-09-22,42.8,113.66,103.17,118.1,48.47,84.5,199.15,114.74,40.96
2014-09-23,42.56,113.79,103.39,118.29,48.21,84.52,198.01,115.45,40.59
2014-09-24,43.17,113.96,103.1,118.01,49.2,84.49,199.56,114.81,40.6
2014-09-25,42.23,113.78,103.6,118.36,48.37,84.55,196.34,116.17,40.03
2014-09-26,42.42,113.44,103.38,118.1,48.52,84.51,197.9,116.0,40.18
2014-09-29,41.56,112.91,103.71,118.05,47.3,84.53,197.54,116.93,39.83
2014-09-30,41.56,112.85,103.62,118.22,47.38,84.51,197.02,116.27,39.75
2014-10-01,40.71,113.13,104.3,118.6,46.49,84.57,194.35,118.23,39.26
2014-10-02,40.93,112.72,103.99,118.59,46.37,84.56,194.38,117.2,38.83
2014-10-03,41.28,112.87,103.96,118.93,47.12,84.48,196.52,117.7,38.88
2014-10-06,41.82,113.1,104.13,118.99,48.05,84.56,196.29,117.77,39.1
2014-10-07,41.45,113.11,104.74,119.42,47.68,84.61,193.26,119.36,38.47
2014-10-08,42.07,113.56,105.11,120.03,48.46,84.7,196.64,119.39,39.06
2014-10-09,41.41,113.55,104.93,119.53,47.76,84.7,192.74,118.87,38.01
2014-10-10,40.51,113.21,105.34,119.63,46.85,84.74,190.54,120.05,37.44
2014-10-13,40.92,113.06,105.89,119.94,47.13,84.77,187.4099,120.78,37.42
2014-10-14,41.16,113.34,106.1,120.21,47.18,84.82,187.7,121.57,37.48
2014-10-15,40.64,113.35,106.7,120.3,46.96,84.93,186.43,122.53,37.27
2014-10-16,40.27,113.36,106.41,120.03,46.79,84.88,186.27,121.75,36.97
2014-10-17,40.72,113.96,106.1,119.98,47.27,84.83,188.47,121.07,37.57
2014-10-20,40.84,114.21,106.25,120.2,47.39,84.88,190.3,121.51,37.89
2014-10-21,41.01,113.96,105.96,120.13,47.54,84.86,194.07,120.54,38.3
2014-10-22,40.74,114.2,105.93,119.93,47.43,84.84,192.69,120.67,38.03
2014-10-23,40.73,114.04,105.49,119.7,47.7,84.8,194.93,119.6,38.43
2014-10-24,41.02,114.09,105.58,119.75,47.83,84.82,196.43,119.72,38.59
